Type,,Name,Hash,Correlation,File Name,Samples,# Warp,# Reg,Smem,CTA Dim,"Live""""Registers",Avg. Warp Latency,Instruction Mix,Dependency-Attributed Samples,Top Stall #1 (Type),Top Stall #1 (% Samples),Top Stall #2 (Type),Top Stall #2 (% Samples),Top Stall #3 (Type),Top Stall #3 (% Samples),SELECT,NOTSEL,THDBAR,SLEEP,BRANCH,WAIT,NOINST,DISPCH,MATHTH,SHRTSB,MIOT,DRAIN,MEMBAR,LGSB,TEXTHR,LGTHR,MISC,"Instructions""""Executed","Thread Instructions""""Executed","Thread Instructions""""Executed Pred On","Active Threads""""Per Warp"
Compute,,main,0xd096530114b46883,DXIL,dxil (d096530114b46883),0.46296763062553004,8,255,22528,"<16, 16, 1>",253,116907.68893821936,6079,211473,99724,WAIT,0.3577075000703292,LGSB,0.20175376178427637,SELECT,94240,13458,0,0,42723,216163,31930,8432,2034,71268,228,47,0,121920,2,184,1672,0,0,0,0
Compute,,main,0x28acfcdb1912b481,DXIL,dxil (28acfcdb1912b481),0.26300164639383056,8,227,16384,"<16, 16, 1>",219,71129.0834649202,7862,94048,42458,WAIT,0.345920358880247,LGSB,0.2163185644790119,SELECT,56104,8888,0,0,24712,118751,15396,2088,1700,39004,491,24,0,74260,0,366,1506,0,0,0,0
Compute,,main,0x74ef103094bf2012,DXIL,dxil (74ef103094bf2012),0.15756578871764385,8,255,49152,"<16, 16, 1>",253,41320.772674667394,11625,79260,33710,WAIT,0.3127580020129627,LGSB,0.2766121934972553,SELECT,32974,5233,0,0,12194,64324,7827,2033,1527,20699,499,21,0,56890,0,130,1316,0,0,0,0
Compute,,main,0xf7e25683b25f315a,DXIL,dxil (f7e25683b25f315a),0.09639026811933406,24,80,12288,"<16, 16, 1>",78,67258.43247498927,4608,27499,5372,NOTSEL,0.25282952883576015,WAIT,0.20064220766834107,SELECT,20196,31810,0,0,8148,25244,12773,5492,756,9418,2328,5,0,9268,2,16,360,0,0,0,0
Compute,,main,0x02e4b2468589e86f,DXIL,dxil (02e4b2468589e86f),0.012791920795356081,40,44,0,"<16, 16, 1>",41,15634.301191830868,301,4947,907,NOTSEL,0.3338923159849075,LGSB,0.17793615619572378,WAIT,1610,5575,0,0,678,2969,351,931,429,940,108,3,0,2971,0,0,132,0,0,0,0
Compute,,main,0x5e657975614910d9,DXIL,dxil (5e657975614910d9),0.004473379979881665,48,16,0,"<16, 16, 1>",12,9137,28,7006,1162,LGSB,0.7278643603356739,MISC,0.1669806473711252,SHRTSB,26,7,0,0,14,95,18,0,0,173,133,1,0,4250,43,104,975,0,0,0,0
Unattributed,,Samples,--,--,--,0.0015805074325219858,--,--,--,--,0,0,,,,LGSB,0.45564711585070283,MISC,0.23364032961706252,SHRTSB,38,23,24,0,41,202,43,8,9,218,25,10,0,940,0,0,482,0,0,0,0
Pixel,,main,0xea172a2e5485ad23,DXIL,dxil (ea172a2e5485ad23),0.0006580978596880203,48,16,36 - 288,--,5,625,21,762,17,LGSB,0.8870779976717112,WAIT,0.051222351571594875,SHRTSB,10,2,0,0,7,44,4,0,0,26,0,2,0,762,0,0,2,0,0,0,0
Pixel,,ps,0x2499a63d60d9ae65,DXIL,dxil (2499a63d60d9ae65),0.0005699939553060385,48,16,36 - 288,--,5,625,12,18,17,MISC,0.7674731182795699,WAIT,0.10752688172043011,SHRTSB,14,0,0,0,18,80,9,0,0,35,3,4,0,3,7,0,571,0,0,0,0
Vertex,,main,0xb6c40e07f18e6668,DXIL,dxil (b6c40e07f18e6668),7.661209076694065e-07,32,16,224 - 896,--,6,1827,10,0,0,NOINST,1,SELECT,0,NOTSEL,0,0,0,0,0,0,1,0,0,0,0,0,0,0,0,0,0,0,0,0,0
Vertex,,vs,0x78b25714c18fe6ca,None,Click to load,0,--,--,--,--,0,0,8,,,SELECT,0,NOTSEL,0,THDBAR,0,0,0,0,0,0,0,0,0,0,0,0,0,0,0,0,0,0,0,0,0
